{
  "experiment": "03_brain_scaling",
  "bio_synapses": 15091983,
  "scales": {
    "0.1": {
      "scale": 0.1,
      "synapses": 151310,
      "dist_mean": 2.646531422932943,
      "dist_std": 0.109976834600528,
      "fit_mean": -0.04131583073642083,
      "fit_std": 0.023783304628261948,
      "dists": [
        2.6304268836975098,
        2.788553237915039,
        2.5206141471862793
      ],
      "fits": [
        -0.017621326086830664,
        -0.03248952009739732,
        -0.07383664602503451
      ],
      "elapsed": 356.49593138694763
    },
    "0.25": {
      "scale": 0.25,
      "synapses": 940209,
      "dist_mean": 2.8977760473887124,
      "dist_std": 0.0778247021110558,
      "fit_mean": -0.029882498657637754,
      "fit_std": 0.011881102928390657,
      "dists": [
        2.838750123977661,
        3.007737636566162,
        2.8468403816223145
      ],
      "fits": [
        -0.013764283342825557,
        -0.04205174761328833,
        -0.03383146501679937
      ],
      "elapsed": 284.4483618736267
    },
    "0.5": {
      "scale": 0.5,
      "synapses": 3760856,
      "dist_mean": 2.8977760473887124,
      "dist_std": 0.0778247021110558,
      "fit_mean": -0.029882498657637754,
      "fit_std": 0.011881102928390657,
      "dists": [
        2.838750123977661,
        3.007737636566162,
        2.8468403816223145
      ],
      "fits": [
        -0.013764283342825557,
        -0.04205174761328833,
        -0.03383146501679937
      ],
      "elapsed": 299.8789772987366
    },
    "0.75": {
      "scale": 0.75,
      "synapses": 8489773,
      "dist_mean": 2.701105833053589,
      "dist_std": 0.2688017757614931,
      "fit_mean": -0.049089192985368034,
      "fit_std": 0.037412021282737726,
      "dists": [
        2.3548851013183594,
        3.010157346725464,
        2.7382750511169434
      ],
      "fits": [
        -0.01896390629195796,
        -0.026484352597160282,
        -0.10181932006698584
      ],
      "elapsed": 323.5092976093292
    },
    "1.0": {
      "scale": 1.0,
      "synapses": 15091983,
      "dist_mean": 2.6508429050445557,
      "dist_std": 0.11557132401360484,
      "fit_mean": -0.04186545367277498,
      "fit_std": 0.023591258216632945,
      "dists": [
        2.6304268836975098,
        2.801487684249878,
        2.5206141471862793
      ],
      "fits": [
        -0.017621326086830664,
        -0.03413838890645978,
        -0.07383664602503451
      ],
      "elapsed": 342.8663794994354
    }
  },
  "bio_dist_mean": 2.6508429050445557,
  "surprise_flags": [
    "Scale 0.25x OUTPERFORMS bio by 9.3%!",
    "Scale 0.50x OUTPERFORMS bio by 9.3%!"
  ],
  "viable_scales": [
    0.1,
    0.25,
    0.5,
    0.75,
    1.0
  ]
}