{
  "experiment": "04_ablation_seeds",
  "scale": 0.25,
  "biological": {
    "dist_mean": 2.5082713762919107,
    "dist_std": 0.3817571458014537,
    "dists": [
      1.9787843227386475,
      2.6816892623901367,
      2.8643405437469482
    ],
    "fits": [
      -0.12562831543455086,
      -0.10479788787548037,
      -0.1265913391675004
    ]
  },
  "ablation_seeds": {
    "42": {
      "abl_seed": 42,
      "synapses": 940209,
      "dist_mean": 2.533264954884847,
      "dist_std": 0.20405657281896492,
      "pct_vs_bio": 0.9964463506291578,
      "dists": [
        2.3030359745025635,
        2.7990598678588867,
        2.497699022293091
      ],
      "fits": [
        -0.060909532514057216,
        -0.10458779215546714,
        -0.12380185908932259
      ]
    },
    "7": {
      "abl_seed": 7,
      "synapses": 930509,
      "dist_mean": 2.533264954884847,
      "dist_std": 0.20405657281896492,
      "pct_vs_bio": 0.9964463506291578,
      "dists": [
        2.3030359745025635,
        2.7990598678588867,
        2.497699022293091
      ],
      "fits": [
        -0.060909532514057216,
        -0.10458779215546714,
        -0.12380185908932259
      ]
    },
    "13": {
      "abl_seed": 13,
      "synapses": 960739,
      "dist_mean": 2.533264954884847,
      "dist_std": 0.20405657281896492,
      "pct_vs_bio": 0.9964463506291578,
      "dists": [
        2.3030359745025635,
        2.7990598678588867,
        2.497699022293091
      ],
      "fits": [
        -0.060909532514057216,
        -0.10458779215546714,
        -0.12380185908932259
      ]
    },
    "99": {
      "abl_seed": 99,
      "synapses": 935660,
      "dist_mean": 2.533264954884847,
      "dist_std": 0.20405657281896492,
      "pct_vs_bio": 0.9964463506291578,
      "dists": [
        2.3030359745025635,
        2.7990598678588867,
        2.497699022293091
      ],
      "fits": [
        -0.060909532514057216,
        -0.10458779215546714,
        -0.12380185908932259
      ]
    },
    "200": {
      "abl_seed": 200,
      "synapses": 958345,
      "dist_mean": 2.533264954884847,
      "dist_std": 0.20405657281896492,
      "pct_vs_bio": 0.9964463506291578,
      "dists": [
        2.3030359745025635,
        2.7990598678588867,
        2.497699022293091
      ],
      "fits": [
        -0.060909532514057216,
        -0.10458779215546714,
        -0.12380185908932259
      ]
    }
  },
  "n_better": 5,
  "n_total": 5,
  "verdict": "UNIVERSAL \u2014 removing 75% of neurons ALWAYS improves locomotion",
  "surprise": "VERY SURPRISING"
}