{
  "experiment": "02_mutation_landscape",
  "timestamp": "2026-03-15T05:51:17.917001",
  "baseline": {
    "mean": -0.07258756180112991,
    "std": 0.044444328294477795
  },
  "seeds": [
    42,
    123,
    777
  ],
  "mutation_counts": [
    50,
    500,
    2000,
    10000
  ],
  "survey": {
    "50": {
      "n_mutations": 50,
      "n_changed_weights": 42899,
      "runs": [
        {
          "seed": 42,
          "elapsed_s": 121.6105408668518,
          "fitness": -0.10039932276247479,
          "distance_traveled": 1.93307363986969,
          "food_distance": 0.10039932276247479,
          "displacement": 0.09594539552927017,
          "final_position": [
            0.10830806940793991,
            -0.020384982228279114,
            1.0130804777145386
          ],
          "initial_position": [
            0.016445808112621307,
            0.007306965999305248,
            1.781111717224121
          ]
        },
        {
          "seed": 123,
          "elapsed_s": 101.05760741233826,
          "fitness": -0.001398976054820477,
          "distance_traveled": 2.9454185962677,
          "food_distance": 0.001398976054820477,
          "displacement": 0.009587830863893032,
          "final_position": [
            0.011200269684195518,
            -0.0007186700822785497,
            1.0570964813232422
          ],
          "initial_position": [
            0.016445808112621307,
            0.007306965999305248,
            1.781111717224121
          ]
        },
        {
          "seed": 777,
          "elapsed_s": 100.83061265945435,
          "fitness": -0.1346638515337174,
          "distance_traveled": 2.7314391136169434,
          "food_distance": 0.1346638515337174,
          "displacement": 0.13130079209804535,
          "final_position": [
            0.13712084293365479,
            -0.044436968863010406,
            1.0492815971374512
          ],
          "initial_position": [
            0.016445808112621307,
            0.007306965999305248,
            1.781111717224121
          ]
        }
      ],
      "mean_fitness": -0.07882071678367089,
      "std_fitness": 0.05650432984054012,
      "delta_vs_baseline": -0.006233154982540984,
      "z_score_vs_baseline": -0.1402463536233813
    },
    "500": {
      "n_mutations": 500,
      "n_changed_weights": 407681,
      "runs": [
        {
          "seed": 42,
          "elapsed_s": 114.98236298561096,
          "fitness": -0.10039932276247479,
          "distance_traveled": 1.93307363986969,
          "food_distance": 0.10039932276247479,
          "displacement": 0.09594539552927017,
          "final_position": [
            0.10830806940793991,
            -0.020384982228279114,
            1.0130804777145386
          ],
          "initial_position": [
            0.016445808112621307,
            0.007306965999305248,
            1.781111717224121
          ]
        },
        {
          "seed": 123,
          "elapsed_s": 104.89902138710022,
          "fitness": -0.001398976054820477,
          "distance_traveled": 2.9454185962677,
          "food_distance": 0.001398976054820477,
          "displacement": 0.009587830863893032,
          "final_position": [
            0.011200269684195518,
            -0.0007186700822785497,
            1.0570964813232422
          ],
          "initial_position": [
            0.016445808112621307,
            0.007306965999305248,
            1.781111717224121
          ]
        },
        {
          "seed": 777,
          "elapsed_s": 105.27409958839417,
          "fitness": -0.1346638515337174,
          "distance_traveled": 2.7314391136169434,
          "food_distance": 0.1346638515337174,
          "displacement": 0.13130079209804535,
          "final_position": [
            0.13712084293365479,
            -0.044436968863010406,
            1.0492815971374512
          ],
          "initial_position": [
            0.016445808112621307,
            0.007306965999305248,
            1.781111717224121
          ]
        }
      ],
      "mean_fitness": -0.07882071678367089,
      "std_fitness": 0.05650432984054012,
      "delta_vs_baseline": -0.006233154982540984,
      "z_score_vs_baseline": -0.1402463536233813
    },
    "2000": {
      "n_mutations": 2000,
      "n_changed_weights": 1587686,
      "runs": [
        {
          "seed": 42,
          "elapsed_s": 125.90776777267456,
          "fitness": -0.10039932276247479,
          "distance_traveled": 1.93307363986969,
          "food_distance": 0.10039932276247479,
          "displacement": 0.09594539552927017,
          "final_position": [
            0.10830806940793991,
            -0.020384982228279114,
            1.0130804777145386
          ],
          "initial_position": [
            0.016445808112621307,
            0.007306965999305248,
            1.781111717224121
          ]
        },
        {
          "seed": 123,
          "elapsed_s": 115.76693940162659,
          "fitness": -0.001398976054820477,
          "distance_traveled": 2.9454185962677,
          "food_distance": 0.001398976054820477,
          "displacement": 0.009587830863893032,
          "final_position": [
            0.011200269684195518,
            -0.0007186700822785497,
            1.0570964813232422
          ],
          "initial_position": [
            0.016445808112621307,
            0.007306965999305248,
            1.781111717224121
          ]
        },
        {
          "seed": 777,
          "elapsed_s": 115.6654622554779,
          "fitness": -0.1346638515337174,
          "distance_traveled": 2.7314391136169434,
          "food_distance": 0.1346638515337174,
          "displacement": 0.13130079209804535,
          "final_position": [
            0.13712084293365479,
            -0.044436968863010406,
            1.0492815971374512
          ],
          "initial_position": [
            0.016445808112621307,
            0.007306965999305248,
            1.781111717224121
          ]
        }
      ],
      "mean_fitness": -0.07882071678367089,
      "std_fitness": 0.05650432984054012,
      "delta_vs_baseline": -0.006233154982540984,
      "z_score_vs_baseline": -0.1402463536233813
    },
    "10000": {
      "n_mutations": 10000,
      "n_changed_weights": 6288252,
      "runs": [
        {
          "seed": 42,
          "elapsed_s": 168.87781262397766,
          "fitness": -0.10039932276247479,
          "distance_traveled": 1.93307363986969,
          "food_distance": 0.10039932276247479,
          "displacement": 0.09594539552927017,
          "final_position": [
            0.10830806940793991,
            -0.020384982228279114,
            1.0130804777145386
          ],
          "initial_position": [
            0.016445808112621307,
            0.007306965999305248,
            1.781111717224121
          ]
        },
        {
          "seed": 123,
          "elapsed_s": 157.06414461135864,
          "fitness": -0.001398976054820477,
          "distance_traveled": 2.9454185962677,
          "food_distance": 0.001398976054820477,
          "displacement": 0.009587830863893032,
          "final_position": [
            0.011200269684195518,
            -0.0007186700822785497,
            1.0570964813232422
          ],
          "initial_position": [
            0.016445808112621307,
            0.007306965999305248,
            1.781111717224121
          ]
        },
        {
          "seed": 777,
          "elapsed_s": 158.06266379356384,
          "fitness": -0.1346638515337174,
          "distance_traveled": 2.7314391136169434,
          "food_distance": 0.1346638515337174,
          "displacement": 0.13130079209804535,
          "final_position": [
            0.13712084293365479,
            -0.044436968863010406,
            1.0492815971374512
          ],
          "initial_position": [
            0.016445808112621307,
            0.007306965999305248,
            1.781111717224121
          ]
        }
      ],